label,tx_ports,rx_ports,rank,scheme,modulation,pilot,packets,udp_bytes,phy_frames,seconds,throughput_mbps,phy_latency_ms,fer_percent
siso_fdm,1,1,1,spatial,64qam,fdm,200,319040,840,0.813271449,3.13833714824,1.03191630357,0
siso_fdm,1,1,1,spatial,64qam,fdm,200,319040,840,0.789673494,3.2321206415,1.02551159286,0
siso_fdm,1,1,1,spatial,64qam,fdm,200,319040,840,0.731895321,3.48727465085,0.931333578571,0
siso_fdm,1,1,1,spatial,64qam,fdm,200,319040,840,0.718925063,3.55018920797,0.90835515119,0
siso_fdm,1,1,1,spatial,64qam,fdm,200,319040,840,0.708591738,3.60196127491,0.901237103571,0
mimo2_fdm,2,2,2,spatial,64qam,fdm,200,319040,480,0.57170432,4.46440565641,1.00410072708,0
mimo2_fdm,2,2,2,spatial,64qam,fdm,200,319040,480,0.541194616,4.71608534997,0.948177691667,0
mimo2_fdm,2,2,2,spatial,64qam,fdm,200,319040,480,0.53654941,4.75691511803,0.932199270833,0
mimo2_fdm,2,2,2,spatial,64qam,fdm,200,319040,480,0.578029705,4.41555161944,1.03231986458,0
mimo2_fdm,2,2,2,spatial,64qam,fdm,200,319040,480,0.548786162,4.65084613413,0.94535455,0
stbc_fdm,2,2,1,stbc,64qam,fdm,200,319040,1000,0.946788833,2.69576479046,1.044442961,0
stbc_fdm,2,2,1,stbc,64qam,fdm,200,319040,1000,0.889886949,2.8681396023,0.941005889,0
stbc_fdm,2,2,1,stbc,64qam,fdm,200,319040,1000,0.82521822,3.09290311113,0.868132894,0
stbc_fdm,2,2,1,stbc,64qam,fdm,200,319040,1000,0.840216939,3.03769167405,0.86611159,0
stbc_fdm,2,2,1,stbc,64qam,fdm,200,319040,1000,0.870250788,2.93285571837,0.919909092,0
rank2_4port_fdm,4,4,2,spatial,64qam,fdm,200,319040,680,1.48533362,1.7183479628,2.73644663529,0
rank2_4port_fdm,4,4,2,spatial,64qam,fdm,200,319040,680,1.497552382,1.70432769543,2.78284514118,0
rank2_4port_fdm,4,4,2,spatial,64qam,fdm,200,319040,680,1.472734217,1.73304861837,2.724244375,0
rank2_4port_fdm,4,4,2,spatial,64qam,fdm,200,319040,680,1.492572716,1.71001383895,2.79316892941,0
rank2_4port_fdm,4,4,2,spatial,64qam,fdm,200,319040,680,1.502139196,1.69912349454,2.81959270147,0
rank4_fdm,4,4,4,spatial,64qam,fdm,200,319040,400,1.068996919,2.38758405626,3.0623190775,0
rank4_fdm,4,4,4,spatial,64qam,fdm,200,319040,400,1.073614922,2.37731420056,3.0688921275,0
rank4_fdm,4,4,4,spatial,64qam,fdm,200,319040,400,1.069938994,2.38548180253,3.07539031,0
rank4_fdm,4,4,4,spatial,64qam,fdm,200,319040,400,1.089371496,2.34292893597,3.181353925,0
rank4_fdm,4,4,4,spatial,64qam,fdm,200,319040,400,1.129038193,2.26061440244,3.2521174725,0
siso_nr-dmrs,1,1,1,spatial,64qam,nr-dmrs,200,319040,840,0.914649264,2.79049041032,1.15947325238,0
siso_nr-dmrs,1,1,1,spatial,64qam,nr-dmrs,200,319040,840,0.887859793,2.87468812094,1.034224,0
siso_nr-dmrs,1,1,1,spatial,64qam,nr-dmrs,200,319040,840,0.843067348,3.02742124464,1.0394133369,0
siso_nr-dmrs,1,1,1,spatial,64qam,nr-dmrs,200,319040,840,0.849920118,3.00301163126,1.01069465595,0
siso_nr-dmrs,1,1,1,spatial,64qam,nr-dmrs,200,319040,840,0.776812165,3.28563340663,0.893792859524,0
mimo2_nr-dmrs,2,2,2,spatial,64qam,nr-dmrs,200,319040,480,0.660209759,3.86592286043,1.08364738333,0
mimo2_nr-dmrs,2,2,2,spatial,64qam,nr-dmrs,200,319040,480,0.721292369,3.53853736667,1.28584626042,0
mimo2_nr-dmrs,2,2,2,spatial,64qam,nr-dmrs,200,319040,480,0.702058565,3.63548018248,1.16958074583,0
mimo2_nr-dmrs,2,2,2,spatial,64qam,nr-dmrs,200,319040,480,0.690638388,3.69559532796,1.20328887083,0
mimo2_nr-dmrs,2,2,2,spatial,64qam,nr-dmrs,200,319040,480,0.654760271,3.89809845381,1.05211978333,0
stbc_nr-dmrs,2,2,1,stbc,64qam,nr-dmrs,200,319040,1000,1.080152291,2.36292606262,1.088255821,0
stbc_nr-dmrs,2,2,1,stbc,64qam,nr-dmrs,200,319040,1000,0.979331221,2.60618669687,0.927776014,0
stbc_nr-dmrs,2,2,1,stbc,64qam,nr-dmrs,200,319040,1000,0.941999317,2.70947117895,0.871550502,0
stbc_nr-dmrs,2,2,1,stbc,64qam,nr-dmrs,200,319040,1000,1.049848228,2.43113235983,1.028875821,0
stbc_nr-dmrs,2,2,1,stbc,64qam,nr-dmrs,200,319040,1000,1.134904093,2.24893012171,1.14839553,0
rank2_4port_nr-dmrs,4,4,2,spatial,64qam,nr-dmrs,200,319040,680,1.853053278,1.3773592105,3.38686955294,0
rank2_4port_nr-dmrs,4,4,2,spatial,64qam,nr-dmrs,200,319040,680,1.834689256,1.39114566222,3.34436185735,0
rank2_4port_nr-dmrs,4,4,2,spatial,64qam,nr-dmrs,200,319040,680,1.807138063,1.41235473496,3.25298781029,0
rank2_4port_nr-dmrs,4,4,2,spatial,64qam,nr-dmrs,200,319040,680,1.789382025,1.42636953112,3.16307914412,0
rank2_4port_nr-dmrs,4,4,2,spatial,64qam,nr-dmrs,200,319040,680,1.819601544,1.40268071788,3.36460823382,0
rank4_nr-dmrs,4,4,4,spatial,64qam,nr-dmrs,200,319040,400,1.318876198,1.93522333929,3.708392085,0
rank4_nr-dmrs,4,4,4,spatial,64qam,nr-dmrs,200,319040,400,1.267759512,2.01325249453,3.52713918,0
rank4_nr-dmrs,4,4,4,spatial,64qam,nr-dmrs,200,319040,400,1.32879718,1.92077469641,3.7434102025,0
rank4_nr-dmrs,4,4,4,spatial,64qam,nr-dmrs,200,319040,400,1.294196217,1.97212753868,3.6276979975,0
rank4_nr-dmrs,4,4,4,spatial,64qam,nr-dmrs,200,319040,400,1.325104764,1.92612695188,3.72069075,0
